month,total,port_core,eastern_opl,western_opl,other,arrivals,arrivals_br,bunker,container
1995-01,,,,,,8876.0,8876.0,1565.3,946.36
1995-02,,,,,,7593.0,7593.0,1333.7,867.45
1995-03,,,,,,8610.0,8610.0,1511.1000000000001,969.54
1995-04,,,,,,8483.0,8483.0,1556.8999999999999,960.13
1995-05,,,,,,8749.0,8749.0,1470.1,988.27
1995-06,,,,,,8507.0,8507.0,1454.8000000000002,973.04
1995-07,,,,,,8669.0,8669.0,1530.9,1037.36
1995-08,,,,,,8498.0,8498.0,1418.3,1046.53
1995-09,,,,,,8582.0,8582.0,1451.3,977.47
1995-10,,,,,,9140.0,9140.0,1472.3,1047.89
1995-11,,,,,,8788.0,8788.0,1324.5,986.85
1995-12,,,,,,9519.0,9519.0,1400.0,1045.14
1996-01,,,,,,9592.0,9592.0,1434.5500000000002,1047.67
1996-02,,,,,,8687.0,8687.0,1425.76,958.42
1996-03,,,,,,9971.0,9971.0,1506.5,1021.53
1996-04,,,,,,9633.0,9633.0,1433.9999999999998,1040.96
1996-05,,,,,,9836.0,9836.0,1603.1399999999999,1093.59
1996-06,,,,,,9635.0,9635.0,1488.4,1073.73
1996-07,,,,,,10046.0,10046.0,1392.89,1143.93
1996-08,,,,,,9888.0,9888.0,1355.9399999999998,1128.48
1996-09,,,,,,9840.0,9840.0,1190.7,1085.66
1996-10,,,,,,10218.0,10218.0,1353.6699999999998,1137.66
1996-11,,,,,,10083.0,10083.0,1330.1200000000001,1098.74
1996-12,,,,,,10294.0,10294.0,1422.8400000000001,1114.11
1997-01,,,,,,10726.0,10726.0,1506.81,1105.2
1997-02,,,,,,8945.0,8945.0,1377.19,963.32
1997-03,,,,,,10605.0,10605.0,1391.4299999999998,1187.06
1997-04,,,,,,10332.0,10332.0,1490.51,1139.66
1997-05,,,,,,10861.0,10861.0,1432.7,1180.4
1997-06,,,,,,10730.0,10730.0,1452.64,1183.7
1997-07,,,,,,11334.0,11334.0,1519.0500000000002,1250.59
1997-08,,,,,,11169.0,11169.0,1371.84,1235.57
1997-09,,,,,,11317.0,11317.0,1295.02,1207.08
1997-10,,,,,,11481.0,11481.0,1321.65,1272.03
1997-11,,,,,,11075.0,11075.0,1306.0100000000002,1198.91
1997-12,,,,,,11758.0,11758.0,1475.8899999999999,1212.36
1998-01,,,,,,11479.0,11479.0,1635.31,1144.11
1998-02,,,,,,10631.0,10631.0,1418.59,1047.96
1998-03,,,,,,11640.0,11640.0,1512.1,1312.16
1998-04,,,,,,11095.0,11095.0,1351.11,1256.44
1998-05,,,,,,11909.0,11909.0,1593.53,1278.53
1998-06,,,,,,11702.0,11702.0,1423.4299999999998,1355.05
1998-07,,,,,,11915.0,11915.0,1650.9199999999998,1327.4
1998-08,,,,,,12030.0,12030.0,1592.83,1286.21
1998-09,,,,,,11904.0,11904.0,1433.05,1275.32
1998-10,,,,,,12078.0,12078.0,1365.3799999999999,1289.78
1998-11,,,,,,12088.0,12088.0,1425.59,1268.19
1998-12,,,,,,12451.0,12451.0,1662.02,1294.4
1999-01,,,,,,12227.0,12227.0,1597.27,1198.16
1999-02,,,,,,10743.0,10743.0,1584.78,1143.95
1999-03,,,,,,12393.0,12393.0,1735.5600000000002,1321.73
1999-04,,,,,,11822.0,11822.0,1647.02,1292.65
1999-05,,,,,,12033.0,12033.0,1564.2900000000002,1369.36
1999-06,,,,,,11750.0,11750.0,1520.0,1357.75
1999-07,,,,,,12341.0,12341.0,1629.51,1381.62
1999-08,,,,,,12059.0,12059.0,1656.71,1426.02
1999-09,,,,,,11639.0,11639.0,1484.9099999999999,1345.8
1999-10,,,,,,11776.0,11776.0,1574.8500000000001,1381.77
1999-11,,,,,,11176.0,11176.0,1334.1100000000001,1338.37
1999-12,,,,,,11564.0,11564.0,1562.21,1387.62
2000-01,,,,,,11433.0,11434.0,1603.6999999999998,1333.93
2000-02,,,,,,10894.0,10894.0,1425.63,1382.96
2000-03,,,,,,12297.0,12296.0,1356.62,1512.4
2000-04,,,,,,12004.0,12004.0,1476.45,1455.18
2000-05,,,,,,12394.0,12395.0,1565.8999999999999,1494.14
2000-06,,,,,,12425.0,12425.0,1555.79,1486.32
2000-07,,,,,,12612.0,12612.0,1621.44,1492.51
2000-08,,,,,,12363.0,12368.0,1732.28,1507.12
2000-09,,,,,,11934.0,11937.0,1535.99,1393.86
2000-10,,,,,,12511.0,12504.0,1572.48,1430.99
2000-11,,,,,,12107.0,12106.0,1457.3,1325.54
2000-12,,,,,,12409.0,12408.0,1747.2099999999998,1271.96
2001-01,,,,,,12186.0,12186.0,1717.8999999999999,1181.34
2001-02,,,,,,11131.0,11131.0,1533.47,1156.03
2001-03,,,,,,12574.0,12574.0,1628.85,1341.81
2001-04,,,,,,11862.0,11862.0,1714.53,1264.96
2001-05,,,,,,12561.0,12561.0,1569.87,1307.79
2001-06,,,,,,12048.0,12048.0,1631.46,1294.49
2001-07,,,,,,12912.0,12912.0,1783.6499999999999,1353.52
2001-08,,,,,,12696.0,12696.0,1737.3600000000001,1349.62
2001-09,,,,,,12055.0,12055.0,1728.0900000000001,1332.51
2001-10,,,,,,12454.0,12454.0,1877.73,1359.93
2001-11,,,,,,11871.0,11871.0,1706.94,1302.71
2001-12,,,,,,11915.0,11915.0,1721.86,1326.38
2002-01,,,,,,11910.0,11910.0,1611.55,1322.54
2002-02,,,,,,10512.0,10512.0,1594.26,1256.26
2002-03,,,,,,12115.0,12115.0,1681.41,1435.04
2002-04,,,,,,11631.0,11631.0,1681.72,1392.63
2002-05,,,,,,12089.0,12089.0,1690.24,1452.75
2002-06,,,,,,11719.0,11719.0,1654.17,1421.47
2002-07,,,,,,12458.0,12458.0,1641.58,1497.48
2002-08,,,,,,12178.0,12178.0,1664.19,1473.65
2002-09,,,,,,11878.0,11878.0,1609.5200000000002,1430.12
2002-10,,,,,,12369.0,12369.0,1701.8700000000001,1437.62
2002-11,,,,,,11976.0,11976.0,1817.63,1406.76
2002-12,,,,,,11911.0,11911.0,1748.23,1414.61
2003-01,,,,,,12072.0,12072.0,1800.1399999999999,1402.8
2003-02,,,,,,10478.0,10478.0,1607.0600000000002,1319.8
2003-03,,,,,,11860.0,11860.0,1761.16,1527.21
2003-04,,,,,,11108.0,11108.0,1659.68,1452.4
2003-05,,,,,,10837.0,10837.0,1747.63,1516.39
2003-06,,,,,,10755.0,10755.0,1681.04,1546.04
2003-07,,,,,,11317.0,11317.0,1604.91,1630.04
2003-08,,,,,,11284.0,11284.0,1710.26,1622.58
2003-09,,,,,,11098.0,11098.0,1730.1200000000001,1550.72
2003-10,,,,,,11502.0,11502.0,1736.05,1628.92
2003-11,,,,,,11342.0,11342.0,1853.61,1563.92
2003-12,,,,,,11733.0,11733.0,1917.32,1649.65
2004-01,,,,,,11448.0,11448.0,1858.62,1612.94
2004-02,,,,,,10724.0,10724.0,1766.84,1482.22
2004-03,,,,,,11882.0,11882.0,1869.1799999999998,1742.57
2004-04,,,,,,10466.0,10466.0,1985.01,1707.69
2004-05,,,,,,10975.0,10975.0,1977.57,1792.45
2004-06,,,,,,10764.0,10764.0,1963.03,1857.88
2004-07,,,,,,11287.0,11287.0,1977.5400000000002,1871.09
2004-08,,,,,,11028.0,11028.0,1979.1,1877.99
2004-09,,,,,,10933.0,10933.0,2019.51,1858.61
2004-10,,,,,,10950.0,10950.0,2004.9199999999998,1858.88
2004-11,,,,,,11018.0,11018.0,2008.75,1759.74
2004-12,,,,,,11710.0,11710.0,2156.81,1907.05
2005-01,,,,,,11744.0,11744.0,2102.25,1848.16
2005-02,,,,,,10025.0,10025.0,1807.25,1690.23
2005-03,,,,,,11345.0,11345.0,2069.8100000000004,1984.77
2005-04,,,,,,11044.0,11044.0,2153.38,1890.3
2005-05,,,,,,11260.0,11260.0,2081.34,1971.31
2005-06,,,,,,10764.0,10764.0,2137.9700000000003,1992.44
2005-07,,,,,,10826.0,10826.0,2240.45,1985.45
2005-08,,,,,,10878.0,10878.0,2268.3999999999996,2039.76
2005-09,,,,,,10498.0,10498.0,2137.0,1942.73
2005-10,,,,,,10922.0,10922.0,2252.08,1990.65
2005-11,,,,,,10263.0,10263.0,2084.69,1876.11
2005-12,,,,,,10749.0,10749.0,2144.48,1980.3
2006-01,,,,,,10536.0,10536.0,2229.98,1948.31
2006-02,,,,,,9791.0,9791.0,2057.94,1759.94
2006-03,,,,,,11200.0,11200.0,2302.6,2052.97
2006-04,,,,,,10563.0,10563.0,2217.73,1958.25
2006-05,,,,,,10952.0,10952.0,2491.6400000000003,2066.82
2006-06,,,,,,10857.0,10857.0,2192.9199999999996,2016.86
2006-07,,,,,,10858.0,10858.0,2347.69,2127.93
2006-08,,,,,,10952.0,10952.0,2518.7200000000003,2269.97
2006-09,,,,,,10955.0,10955.0,2410.7,2130.31
2006-10,,,,,,10743.0,10743.0,2556.0299999999997,2175.39
2006-11,,,,,,10661.0,10661.0,2390.9,2097.24
2006-12,,,,,,10854.0,10854.0,2662.26,2188.38
2007-01,,,,,,10918.0,10918.0,2255.83,2170.52
2007-02,,,,,,9604.0,9604.0,2668.89,2117.71
2007-03,,,,,,10501.0,10501.0,2567.01,2290.93
2007-04,,,,,,10252.0,10252.0,2624.92,2221.44
2007-05,,,,,,10631.0,10631.0,2504.71,2349.12
2007-06,,,,,,10585.0,10585.0,2715.99,2320.62
2007-07,,,,,,11070.0,11070.0,2493.4599999999996,2444.09
2007-08,,,,,,11146.0,11146.0,2925.79,2456.69
2007-09,,,,,,10986.0,10986.0,2811.48,2356.11
2007-10,,,,,,11083.0,11083.0,2721.82,2402.76
2007-11,,,,,,10783.0,10783.0,2523.44,2323.27
2007-12,,,,,,11009.0,11009.0,2732.68,2482.2
2008-01,,,,,,11058.0,11058.0,2802.21,2455.55
2008-02,,,,,,10043.0,10043.0,2733.9599999999996,2308.35
2008-03,,,,,,11123.0,11123.0,3045.2900000000004,2567.12
2008-04,,,,,,11149.0,11149.0,3047.05,2534.08
2008-05,,,,,,11429.0,11429.0,2919.05,2632.96
2008-06,,,,,,10879.0,10879.0,2810.36,2527.02
2008-07,,,,,,11378.0,11378.0,3030.91,2729.14
2008-08,,,,,,11201.0,11201.0,3151.67,2641.46
2008-09,,,,,,10760.0,10760.0,2856.23,2555.74
2008-10,,,,,,10897.0,10897.0,2925.5,2522.02
2008-11,,,,,,10741.0,10741.0,2879.91,2288.54
2008-12,,,,,,11037.0,11037.0,2734.2999999999997,2156.29
2009-01,,,,,,10560.0,10560.0,3019.75,1974.37
2009-02,,,,,,9889.0,9889.0,2670.03,1850.46
2009-03,,,,,,11056.0,11056.0,3129.72,2193.29
2009-04,,,,,,10698.0,10698.0,2884.8100000000004,2085.12
2009-05,,,,,,11187.0,11187.0,3227.22,2098.83
2009-06,,,,,,11029.0,11029.0,2960.7,2096.95
2009-07,,,,,,11438.0,11438.0,3072.6099999999997,2220.59
2009-08,,,,,,11261.0,11261.0,3063.12,2276.51
2009-09,,,,,,10799.0,10799.0,3172.3799999999997,2145.44
2009-10,,,,,,11163.0,11163.0,3122.3399999999997,2314.3
2009-11,,,,,,10502.0,10502.0,2882.83,2326.91
2009-12,,,,,,10993.0,10993.0,3181.27,2283.8
2010-01,,,,,,10993.0,10993.0,3212.54,2332.3
2010-02,,,,,,9981.0,9981.0,3022.37,2183.21
2010-03,,,,,,10997.0,10997.0,3328.5499999999997,2409.63
2010-04,,,,,,10431.0,10431.0,3422.64,2320.77
2010-05,,,,,,10706.0,10706.0,3470.44,2422.52
2010-06,,,,,,10598.0,10598.0,3543.8,2394.97
2010-07,,,,,,10891.0,10891.0,3563.8,2520.84
2010-08,,,,,,10645.0,10645.0,3375.02,2426.45
2010-09,,,,,,10200.0,10200.0,3553.7400000000002,2233.76
2010-10,,,,,,10546.0,10546.0,3556.1,2392.13
2010-11,,,,,,10307.0,10307.0,3310.98,2415.51
2010-12,,,,,,11004.0,11004.0,3493.02,2379.03
2011-01,,,,,,10937.0,10937.0,3642.36,2416.06
2011-02,,,,,,9488.0,9488.0,3268.7799999999997,2146.93
2011-03,,,,,,10994.0,10994.0,3520.7,2504.23
2011-04,,,,,,10401.0,10401.0,3248.4900000000002,2461.11
2011-05,,,,,,10680.0,10680.0,3621.91,2571.76
2011-06,,,,,,10468.0,10468.0,3859.2,2482.29
2011-07,,,,,,11148.0,11148.0,3642.92,2639.54
2011-08,,,,,,10827.0,10827.0,3815.26,2625.7
2011-09,,,,,,10432.0,10432.0,3568.36,2410.24
2011-10,,,,,,11069.0,11069.0,3546.18,2568.73
2011-11,,,,,,10519.0,10519.0,3615.3900000000003,2472.11
2011-12,,,,,,11035.0,11035.0,3804.1299999999997,2638.99
2012-01,,,,,,10743.0,10743.0,3668.56,2542.77
2012-02,,,,,,10120.0,10120.0,3092.74,2345.39
2012-03,,,,,,11050.0,11050.0,3608.82,2648.71
2012-04,,,,,,10669.0,10669.0,3735.39,2600.02
2012-05,,,,,,11218.0,11218.0,3985.72,2792.98
2012-06,,,,,,10790.0,10790.0,3646.94,2710.4
2012-07,,,,,,11099.0,11099.0,3655.2200000000003,2769.65
2012-08,,,,,,10825.0,10825.0,3556.0,2744.72
2012-09,,,,,,10768.0,10768.0,3326.3900000000003,2609.06
2012-10,,,,,,10959.0,10959.0,3508.3900000000003,2675.43
2012-11,,,,,,10906.0,10906.0,3275.6000000000004,2589.13
2012-12,,,,,,11275.0,11275.0,3625.6699999999996,2621.1
2013-01,,,,,,11564.0,11564.0,3787.5800000000004,2629.65
2013-02,,,,,,10363.0,10363.0,3076.38,2361.57
2013-03,,,,,,11579.0,11579.0,3362.69,2643.66
2013-04,,,,,,11360.0,11360.0,3647.9300000000003,2627.78
2013-05,,,,,,11803.0,11803.0,3533.8999999999996,2826.57
2013-06,,,,,,11565.0,11565.0,3478.25,2725.15
2013-07,,,,,,11992.0,11992.0,3740.76,2952.63
2013-08,,,,,,11921.0,11921.0,3488.14,2818.2
2013-09,,,,,,11716.0,11716.0,3610.5499999999997,2715.96
2013-10,,,,,,11975.0,11975.0,3780.56,2823.91
2013-11,,,,,,11667.0,11667.0,3373.15,2694.29
2013-12,,,,,,11912.0,11912.0,3802.3599999999997,2759.32
2014-01,,,,,,11754.0,11754.0,3557.8300000000004,2685.9
2014-02,,,,,,10679.0,10679.0,3277.4,2413.23
2014-03,,,,,,11886.0,11886.0,3184.8799999999997,2835.28
2014-04,,,,,,11432.0,11432.0,3812.9,2791.37
2014-05,,,,,,11589.0,11589.0,3637.6,2942.7
2014-06,,,,,,11227.0,11227.0,3373.75,2837.52
2014-07,,,,,,11172.0,11172.0,3662.59,2945.22
2014-08,,,,,,11091.0,11091.0,3668.79,2869.25
2014-09,,,,,,10818.0,10818.0,3521.5099999999998,2809.85
2014-10,,,,,,11281.0,11281.0,3593.62,2971.42
2014-11,,,,,,10766.0,10766.0,3548.4100000000003,2858.41
2014-12,,,,,,11188.0,11188.0,3577.48,2909.11
2015-01,,,,,,11319.0,11319.0,3680.08,2781.53
2015-02,,,,,,10240.0,10240.0,3395.99,2607.47
2015-03,,,,,,11126.0,11126.0,3577.48,2735.86
2015-04,,,,,,10762.0,10762.0,3665.87,2633.1
2015-05,,,,,,11021.0,11021.0,3707.18,2622.87
2015-06,,,,,,10960.0,10960.0,3536.0,2616.76
2015-07,,,,,,11295.0,11295.0,3785.2599999999998,2554.46
2015-08,,,,,,11536.0,11536.0,4287.76,2525.9
2015-09,,,,,,11045.0,11045.0,3847.73,2427.65
2015-10,,,,,,11144.0,11144.0,3637.0099999999998,2497.05
2015-11,,,,,,11046.0,11046.0,3984.01,2404.4
2015-12,,,,,,11428.0,11428.0,4051.2,2515.21
2016-01,,,,,,11657.0,11657.0,4164.469999999999,2488.43
2016-02,,,,,,10621.0,10621.0,3509.98,2383.77
2016-03,,,,,,11789.0,11789.0,4149.84,2518.04
2016-04,,,,,,11530.0,11530.0,4109.7,2528.06
2016-05,,,,,,11708.0,11708.0,4363.679999999999,2665.42
2016-06,,,,,,11454.0,11454.0,4086.8799999999997,2597.68
2016-07,,,,,,11322.0,11322.0,4115.03,2571.35
2016-08,,,,,,11708.0,11708.0,4228.049999999999,2682.27
2016-09,,,,,,11437.0,11437.0,3831.04,2597.04
2016-10,,,,,,11928.0,11928.0,4008.76,2533.06
2016-11,,,,,,11713.0,11713.0,4142.23,2573.06
2016-12,,,,,,12131.0,12131.0,3904.88,2765.46
2017-01,,,,,,11925.0,11925.0,4462.179999999999,2623.27
2017-02,,,,,,10666.0,10666.0,3846.36,2297.19
2017-03,,,,,,12318.0,12318.0,4341.88,2691.61
2017-04,,,,,,12260.0,12260.0,4253.3099999999995,2724.42
2017-05,,,,,,12655.0,12655.0,4180.58,2990.91
2017-06,,,,,,12275.0,12275.0,3836.98,2822.43
2017-07,,,,,,11811.0,11811.0,4393.69,2876.98
2017-08,,,,,,11916.0,11916.0,4363.679999999999,2947.37
2017-09,,,,,,11619.0,11619.0,4341.09,2800.01
2017-10,,,,,,12549.0,12549.0,4005.28,2957.15
2017-11,,,,,,12347.0,12347.0,4315.629999999999,2977.07
2017-12,,,,,,12806.0,12806.0,4296.58,2958.14
2018-01,,,,,,12642.0,12642.0,4605.58,2992.88
2018-02,,,,,,11130.0,11130.0,4135.86,2822.93
2018-03,,,,,,12546.0,12546.0,4168.33,3048.81
2018-04,,,,,,12133.0,12133.0,4233.34,2915.26
2018-05,,,,,,12225.0,12225.0,4283.49,3182.81
2018-06,,,,,,11192.0,11192.0,3922.3,3058.65
2018-07,,,,,,11605.0,11605.0,4035.82,3133.54
2018-08,,,,,,11389.0,11389.0,3962.93,3156.34
2018-09,,,,,,11367.0,11367.0,4112.05,2988.93
2018-10,,,,,,11629.0,11629.0,4125.2300000000005,3153.06
2018-11,,,,,,11187.0,11187.0,3906.09,3014.71
2018-12,,,,,,11723.0,11723.0,4307.76,3131.35
2019-01,,,,,,11678.0,11678.0,4199.360000000001,2999.11
2019-02,,,,,,10275.0,10275.0,3780.36,2740.53
2019-03,,,,,,11509.0,11509.0,4090.85,3163.9
2019-04,,,,,,11243.0,11243.0,3712.98,2992.13
2019-05,,,,,,11697.0,11697.0,4006.4700000000003,3137.76
2019-06,,,,,,11138.0,11138.0,3919.8900000000003,2996.99
2019-07,,,,,,11554.0,11554.0,3878.24,3235.35
2019-08,,,,,,11739.0,11739.0,3668.9,3133.74
2019-09,,,,,,11547.0,11547.0,3898.38,3093.86
2019-10,,,,,,12026.0,12026.0,3767.67,3234.4
2019-11,,,,,,11743.0,11743.0,4075.64,3267.7
2019-12,,,,,,12148.0,12148.0,4465.7,3260.5
2020-01,,,,,,12134.0,12134.0,4514.66,3182.6
2020-02,,,,,,10879.0,10879.0,3879.7200000000003,2898.69
2020-03,,,,,,9827.0,9827.0,4322.29,3197.88
2020-04,,,,,,7015.0,7015.0,4113.68,2843.48
2020-05,,,,,,6582.0,6582.0,3925.0099999999998,2806.72
2020-06,,,,,,6701.0,6701.0,3829.04,2907.67
2020-07,,,,,,7178.0,7178.0,4157.67,3016.32
2020-08,,,,,,6958.0,6958.0,4168.91,3174.7
2020-09,,,,,,7255.0,7255.0,4217.57,3207.67
2020-10,,,,,,7502.0,7502.0,4152.360000000001,3238.69
2020-11,,,,,,7347.0,7347.0,4262.55,3134.65
2020-12,,,,,,7479.0,7479.0,4289.62,3333.28
2021-01,,,,,,7641.0,7641.0,4503.0,3156.02
2021-02,,,,,,6990.0,6990.0,4120.1,2881.59
2021-03,,,,,,7788.0,7788.0,4202.37,3270.57
2021-04,,,,,,7500.0,7500.0,4259.41,3091.28
2021-05,,,,,,7211.0,7211.0,4080.4900000000002,3216.9
2021-06,,,,,,7247.0,7247.0,4116.2,3114.51
2021-07,,,,,,7246.0,7246.0,4069.16,3123.56
2021-08,,,,,,7178.0,7178.0,4074.85,3182.28
2021-09,,,,,,6918.0,6918.0,3939.2999999999997,3117.36
2021-10,,,,,,7098.0,7098.0,4265.2,2974.93
2021-11,,,,,,7130.0,7130.0,4229.339999999999,3149.98
2021-12,,,,,,7286.0,7286.0,4180.62,3292.22
2022-01,,,,,,7213.0,7213.0,4028.9900000000002,3143.71
2022-02,,,,,,6440.0,6440.0,3506.75,2843.53
2022-03,,,,,,7307.0,7307.0,3769.89,3089.48
2022-04,,,,,,7608.0,7608.0,3749.9300000000003,3042.01
2022-05,,,,,,7815.0,7815.0,4043.9700000000003,3122.01
2022-06,,,,,,8301.0,8301.0,3755.85,3166.23
2022-07,,,,,,9044.0,9044.0,4119.219999999999,3286.33
2022-08,,,,,,9129.0,9129.0,4116.33,3262.31
2022-09,,,,,,8976.0,8976.0,3959.52,3063.77
2022-10,,,,,,9451.0,9451.0,4252.67,3061.84
2022-11,,,,,,9442.0,9442.0,4375.63,2955.47
2022-12,,,,,,10081.0,10081.0,4217.86,3252.9
2023-01,,,,,,10035.0,10035.0,4378.32,2989.5
2023-02,,,,,,9202.0,9202.0,3796.92,2684.43
2023-03,,,,,,10270.0,10270.0,4178.97,3335.46
2023-04,,,,,,9987.0,9987.0,4258.759999999999,3264.67
2023-05,,,,,,10324.0,10324.0,4525.33,3409.7
2023-06,,,,,,9845.0,9845.0,3932.91,3345.55
2023-07,,,,,,10196.0,10196.0,4517.53,3431.27
2023-08,,,,,,10070.0,10070.0,4254.1,3328.44
2023-09,,,,,,10044.0,10044.0,4263.58,3206.65
2023-10,,,,,,10364.0,10364.0,4401.54,3241.16
2023-11,,,,,,10325.0,10325.0,4265.46,3353.25
2023-12,,,,,,10741.0,10741.0,5050.64,3422.87
2024-01,,,,,,10872.0,10872.0,4906.1,3306.12
2024-02,,,,,,9987.0,9987.0,4509.320000000001,3171.92
2024-03,,,,,,10678.0,10678.0,4445.08,3491.71
2024-04,,,,,,10066.0,10066.0,4232.17,3388.59
2024-05,,,,,,10717.0,10717.0,4826.85,3537.81
2024-06,,,,,,10107.0,10107.0,4274.91,3353.67
2024-07,,,,,,10632.0,10632.0,4653.76,3574.24
2024-08,,,,,,10796.0,10796.0,4559.46,3606.54
2024-09,,,,,,10292.0,10292.0,4383.05,3292.82
2024-10,,,,,,10724.0,10724.0,4877.66,3505.21
2024-11,,,,,,10320.0,10320.0,4462.22,3340.79
2024-12,,,,,,10727.0,10727.0,4790.03,3554.62
2025-01,,,,,,10695.0,10695.0,4487.92,3496.89
2025-02,,,,,,9660.0,9660.0,4145.11,3316.59
2025-03,,,,,,10662.0,10662.0,4469.18,3735.8
2025-04,,,,,,10558.0,10558.0,4404.44,3628.14
2025-05,,,,,,11338.0,11338.0,4878.139999999999,3829.11
2025-06,,,,,,10841.0,10841.0,4594.7300000000005,3708.91
2025-07,,,,,,11242.0,11242.0,4918.04,3866.86
2025-08,,,,,,11182.0,11182.0,4965.259999999999,3864.91
2025-09,380.0,116.0,16.0,58.0,190.0,10992.0,10992.0,4765.08,3763.99
2025-10,312.0,110.0,18.0,38.0,146.0,11552.0,11552.0,4817.7300000000005,3828.47
2025-11,254.0,91.0,8.0,38.0,117.0,11207.0,11207.0,4820.68,3705.04
2025-12,336.0,104.0,25.0,44.0,163.0,11892.0,11892.0,5508.63,3919.0
2026-01,384.0,138.0,9.0,49.0,188.0,12031.0,12031.0,5228.070000000001,3892.37
2026-02,380.0,119.0,27.0,49.0,185.0,10886.0,10886.0,4678.17,3421.08
2026-03,398.0,121.0,16.0,67.0,194.0,11591.0,11591.0,4765.39,3897.28
2026-04,298.0,95.0,25.0,31.0,147.0,10873.0,10873.0,4351.03,3760.27
2026-05,326.0,96.0,20.0,60.0,150.0,11729.0,11729.0,4548.34,3942.74
2026-06,376.0,115.0,24.0,60.0,177.0,,,,
2026-07,409.0,109.0,26.0,57.0,217.0,,,,
2026-08,371.0,124.0,17.0,64.0,166.0,,,,
