20240901,S1A,http 200
20200712,S1A,http 403
20200706,S1A,http 403
20200705,S1A,http 403
20200630,S1A,http 403
20200624,S1A,http 403
20200623,S1A,http 403
20200612,S1A,http 403
20200611,S1A,http 403
20200531,S1A,http 403
20200507,S1A,http 403
20200413,S1A,http 403
20200412,S1A,http 403
20200407,S1A,http 403
20200331,S1A,http 403
20200320,S1A,http 403
20200319,S1A,http 403
20200314,S1A,http 403
20200308,S1A,http 403
20200307,S1A,http 403
20200302,S1A,http 403
20200224,S1A,http 403
20200213,S1A,http 403
20200201,S1A,http 403
20200131,S1A,http 403
20200119,S1A,http 403
20200108,S1A,http 403
20200107,S1A,http 403
20191221,S1A,http 403
20191215,S1A,http 403
20191120,S1A,http 403
20191028,S1A,http 403
20191022,S1A,http 403
20191016,S1A,http 403
20191015,S1A,http 403
20191004,S1A,http 403
20191003,S1A,http 403
20190525,S1A,http 403
20190618,S1A,http 403
20190513,S1A,http 403
20190425,S1A,http 403
20200817,S1A,http 403
20200717,S1A,http 403
20190419,S1A,http 403
20190413,S1A,http 403
20190407,S1A,http 403
20190406,S1A,http 403
20190401,S1A,http 403
20190326,S1A,http 403
20190325,S1A,http 403
20190320,S1A,http 403
20190314,S1A,http 403
20190313,S1A,http 403
20190308,S1A,http 403
20190302,S1A,http 403
20190301,S1A,http 403
20190224,S1A,http 403
20190218,S1A,http 403
20190217,S1A,http 403
20190212,S1A,http 403
20190206,S1A,http 403
20190131,S1A,http 403
20190125,S1A,http 403
20190124,S1A,http 403
20190113,S1A,http 403
20190112,S1A,http 403
20181231,S1A,http 403
20181226,S1A,http 403
20181220,S1A,http 403
20181219,S1A,http 403
20181214,S1A,http 403
20181208,S1A,http 403
20181207,S1A,http 403
20181202,S1A,http 403
20181126,S1A,http 403
20181125,S1A,http 403
20181114,S1A,http 403
20181102,S1A,http 403
20181101,S1A,http 403
20181027,S1A,http 403
20181021,S1A,http 403
20181020,S1A,http 403
20181015,S1A,http 403
20181009,S1A,http 403
20181008,S1A,http 403
20181003,S1A,http 403
20180927,S1A,http 403
20180926,S1A,http 403
20180921,S1A,http 403
20180915,S1A,http 403
20180914,S1A,http 403
20180903,S1A,http 403
20180902,S1A,http 403
20180828,S1A,http 403
20180822,S1A,http 403
20180821,S1A,http 403
20180816,S1A,http 403
20180810,S1A,http 403
20180809,S1A,http 403
20180804,S1A,http 403
20180729,S1A,http 403
20180728,S1A,http 403
20180723,S1A,http 403
20180717,S1A,http 403
20180716,S1A,http 403
20180711,S1A,http 403
20180705,S1A,http 403
20180623,S1A,http 403
20180622,S1A,http 403
20180611,S1A,http 403
20180617,S1A,http 403
20180610,S1A,http 403
20180605,S1A,http 403
20180530,S1A,http 403
20180524,S1A,http 403
20180518,S1A,http 403
20180517,S1A,http 403
20180512,S1A,http 403
20180506,S1A,http 403
20180505,S1A,http 403
20180430,S1A,http 403
20180423,S1A,http 403
20180424,S1A,http 403
20180418,S1A,http 403
20180412,S1A,http 403
20180406,S1A,http 403
20180411,S1A,http 403
20180331,S1A,http 403
20180325,S1A,http 403
20180319,S1A,http 403
20180318,S1A,http 403
20180313,S1A,http 403
20180301,S1A,http 403
20180223,S1A,http 403
20180217,S1A,http 403
20180222,S1A,http 403
20180211,S1A,http 403
20180205,S1A,http 403
20180130,S1A,http 403
20180210,S1A,http 403
20180129,S1A,http 403
20180117,S1A,http 403
20180124,S1A,http 403
20180118,S1A,http 403
20180112,S1A,http 403
20180106,S1A,http 403
20180105,S1A,http 403
20171231,S1A,http 403
20171225,S1A,http 403
20171219,S1A,http 403
20171224,S1A,http 403
20171213,S1A,http 403
20171212,S1A,http 403
20171207,S1A,http 403
20171201,S1A,http 403
20171130,S1A,http 403
20171125,S1A,http 403
20171118,S1A,http 403
20171119,S1A,http 403
20171113,S1A,http 403
20171107,S1A,http 403
20171106,S1A,http 403
20171101,S1A,http 403
20171026,S1A,http 403
20171025,S1A,http 403
20171020,S1A,http 403
20171014,S1A,http 403
20171013,S1A,http 403
20171008,S1A,http 403
20171002,S1A,http 403
20170926,S1A,http 403
20170920,S1A,http 403
20170914,S1A,http 403
20170908,S1A,http 403
20170902,S1A,http 403
20170827,S1A,http 403
20170826,S1A,http 403
20170821,S1A,http 403
20170815,S1A,http 403
20170814,S1A,http 403
20170809,S1A,http 403
20170803,S1A,http 403
20170802,S1A,http 403
20170721,S1A,http 403
20170710,S1A,http 403
20170709,S1A,http 403
20170704,S1A,http 403
20170628,S1A,http 403
20170627,S1A,http 403
20170622,S1A,http 403
20170616,S1A,http 403
20170615,S1A,http 403
20170610,S1A,http 403
20170604,S1A,http 403
20170603,S1A,http 403
20170529,S1A,http 403
20170523,S1A,http 403
20170522,S1A,http 403
20170517,S1A,http 403
20170505,S1A,http 403
20170429,S1A,http 403
20170423,S1A,http 403
20170417,S1A,http 403
20170428,S1A,http 403
20170411,S1A,http 403
20170405,S1A,http 403
20170404,S1A,http 403
20170330,S1A,http 403
20170324,S1A,http 403
20170323,S1A,http 403
20170312,S1A,http 403
20170318,S1A,http 403
20170227,S1A,http 403
20170204,S1A,http 403
20170203,S1A,http 403
20170222,S1A,http 403
20170123,S1A,http 403
20161230,S1A,http 403
20170111,S1A,http 403
20161218,S1A,http 403
20161217,S1A,http 403
20161206,S1A,http 403
20161123,S1A,http 403
20161112,S1A,http 403
20161031,S1A,http 403
20161030,S1A,http 403
20161019,S1A,http 403
20161007,S1A,http 403
20161006,S1A,http 403
20160925,S1A,http 403
20160913,S1A,http 403
20160912,S1A,http 403
20160901,S1A,http 403
20160820,S1A,http 403
20160819,S1A,http 403
20160808,S1A,http 403
20160727,S1A,http 403
20160726,S1A,http 403
20160715,S1A,http 403
20160703,S1A,http 403
20160609,S1A,http 403
20160528,S1A,http 403
20160608,S1A,http 403
20160516,S1A,http 403
20160515,S1A,http 403
20160422,S1A,http 403
20160504,S1A,http 403
20160410,S1A,http 403
20160421,S1A,http 403
20160329,S1A,http 403
20160328,S1A,http 403
20160304,S1A,http 403
20160305,S1A,http 403
20160129,S1A,http 403
20160209,S1A,http 403
20160116,S1A,http 403
20160105,S1A,http 403
